file,text
00.flac,Mister quilter is the apostle of the middle classes and we are glad to welcome his gospel
01.flac,On the general principles of art mister quilter writes with equal lucidity
02.flac,Near the fire and the ornaments fred brought home from india on the mantel board
03.flac,Mister quilter has missed his chance for he has failed even to make himself the tupper of painting
04.flac,The king has fled in disgrace and your friends are asking for you
05.flac,I also offered to help your brother to escape but he would not go
06.flac,I hope he doesn't work too hard said shaggy
07.flac,Not exactly returned kaliko
08.flac,The metal forest is in the great domed cavern the largest in all our dominions replied kaliko
09.flac,That's funny remarked betsy thoughtfully
10.flac,I do not know confessed shaggy
11.flac,Kaliko went to the big gong and pounded on it just as ruggedo used to do but no one answered the summons
12.flac,Sweat covered brion's body trickling into the tight loincloth that was the only garment he wore
13.flac,One minute a voice said and the time buzzer sounded
14.flac,The buzzer's whirr triggered his muscles into complete relaxation
15.flac,He was in reverie sliding along the borders of consciousness
16.flac,The other voice snapped with a harsh urgency clearly used to command
17.flac,He must have drawn his gun because the intruder said quickly put that away you're being a fool out
18.flac,He asked the handler who was kneading his aching muscles
19.flac,There could be little art in this last and final round of fencing
